23.03.2010,89.6392
24.03.2010,87.6025
25.03.2010,82.5386
26.03.2010,82.8153
29.03.2010,80.8602
30.03.2010,83.027
31.03.2010,79.8396
01.04.2010,81.0695
06.04.2010,80.9233
07.04.2010,82.3882
08.04.2010,82.6311
09.04.2010,79.5735
12.04.2010,83.2315
13.04.2010,83.97
14.04.2010,84.0595
15.04.2010,85.6929
16.04.2010,86.8341
19.04.2010,91.1435
20.04.2010,89.5576
21.04.2010,90.2362
22.04.2010,88.4272
23.04.2010,88.8927
26.04.2010,91.348
27.04.2010,91.846
28.04.2010,91.8024
29.04.2010,95.1424
30.04.2010,94.4106
03.05.2010,97.5982
04.05.2010,96.8341
05.05.2010,94.3769
06.05.2010,93.413
07.05.2010,93.5722
10.05.2010,124.866
11.05.2010,120.3549
12.05.2010,115.4172
13.05.2010,92.7686
14.05.2010,90.7989
17.05.2010,90.6989
18.05.2010,91.8768
19.05.2010,106.7747
20.05.2010,103.3351
21.05.2010,102.6191
24.05.2010,102.8334
25.05.2010,105.7823
26.05.2010,107.852
27.05.2010,109.5993
28.05.2010,110.0803
31.05.2010,108.4789
01.06.2010,106.0085
02.06.2010,105.675
03.06.2010,103.828
04.06.2010,99.3499
07.06.2010,100.1047
08.06.2010,100.4429
09.06.2010,110.4737
10.06.2010,100.7956
11.06.2010,100.2021
14.06.2010,111.8547
15.06.2010,104.8229
16.06.2010,100.0363
17.06.2010,105.5452
18.06.2010,104.3511
21.06.2010,98.5057
22.06.2010,103.3376
23.06.2010,102.5148
24.06.2010,102.348
25.06.2010,97.2728
28.06.2010,108.145
29.06.2010,109.4178
30.06.2010,112.3552
01.07.2010,111.2372
02.07.2010,103.1109
05.07.2010,114.0069
06.07.2010,109.314
07.07.2010,110.1618
08.07.2010,111.0505
09.07.2010,108.7034
12.07.2010,110.2921
13.07.2010,108.5094
14.07.2010,106.9983
15.07.2010,103.5325
16.07.2010,103.8743
19.07.2010,120.3711
20.07.2010,118.563
21.07.2010,117.6709
22.07.2010,105.3175
23.07.2010,104.7169
26.07.2010,102.0808
27.07.2010,108.79
28.07.2010,107.625
29.07.2010,109.381
30.07.2010,108.2965
02.08.2010,104.0322
03.08.2010,100.7989
04.08.2010,100.1087
05.08.2010,99.1074
06.08.2010,99.2093
09.08.2010,97.048
10.08.2010,97.3498
11.08.2010,95.3966
12.08.2010,91.2578
13.08.2010,91.2166
16.08.2010,95.5372
17.08.2010,94.5782
18.08.2010,94.644
19.08.2010,93.3547
20.08.2010,89.932
23.08.2010,97.3444
24.08.2010,82.3716
25.08.2010,81.6808
26.08.2010,81.2668
27.08.2010,80.6785
30.08.2010,78.3362
31.08.2010,78.1802
01.09.2010,81.3297
02.09.2010,80.8316
03.09.2010,78.3239
06.09.2010,76.8185
07.09.2010,77.3244
08.09.2010,77.6977
09.09.2010,80.5895
10.09.2010,78.0937
13.09.2010,78.7391
14.09.2010,77.9932
15.09.2010,77.7491
16.09.2010,81.1654
17.09.2010,80.3687
20.09.2010,83.1145
21.09.2010,82.3099
22.09.2010,81.6344
23.09.2010,81.611
24.09.2010,81.2599
27.09.2010,80.1085
28.09.2010,78.2468
29.09.2010,77.3926
30.09.2010,80.8763
01.10.2010,82.3128
04.10.2010,83.947
05.10.2010,82.2929
06.10.2010,79.335
07.10.2010,76.1998
08.10.2010,74.799
11.10.2010,79.0558
12.10.2010,77.6353
13.10.2010,78.8448
14.10.2010,81.9739
15.10.2010,82.4393
18.10.2010,80.623
19.10.2010,79.8263
20.10.2010,81.7221
21.10.2010,80.9977
22.10.2010,86.4358
25.10.2010,84.8977
26.10.2010,84.8633
27.10.2010,87.8787
28.10.2010,85.9622
29.10.2010,84.9532
01.11.2010,82.0312
02.11.2010,80.4997
03.11.2010,85.6839
04.11.2010,79.9214
05.11.2010,79.8952
08.11.2010,77.6812
09.11.2010,77.5501
10.11.2010,73.8456
11.11.2010,73.7611
12.11.2010,76.5998
15.11.2010,74.0735
16.11.2010,75.9218
17.11.2010,74.7553
18.11.2010,71.8235
19.11.2010,71.6566
22.11.2010,71.7158
23.11.2010,91.2361
24.11.2010,90.7383
25.11.2010,89.8611
26.11.2010,90.9776
29.11.2010,91.6523
30.11.2010,91.5082
01.12.2010,89.8692
02.12.2010,84.9071
03.12.2010,83.658
06.12.2010,83.747
07.12.2010,83.0533
08.12.2010,85.932
09.12.2010,83.6779
10.12.2010,84.4814
13.12.2010,84.346
14.12.2010,83.769
15.12.2010,83.0333
16.12.2010,83.3301
17.12.2010,87.2919
20.12.2010,80.6448
21.12.2010,79.874
22.12.2010,79.32
23.12.2010,79.0429
27.12.2010,80.221
28.12.2010,79.3183
29.12.2010,78.6338
30.12.2010,79.5303
03.01.2011,77.4057
04.01.2011,77.7739
05.01.2011,77.073
06.01.2011,77.1992
07.01.2011,78.0722
10.01.2011,79.4649
11.01.2011,77.0874
12.01.2011,74.9189
13.01.2011,73.6811
14.01.2011,72.6658
17.01.2011,73.9982
18.01.2011,72.2209
19.01.2011,86.2491
20.01.2011,86.5289
21.01.2011,84.8587
24.01.2011,81.2988
25.01.2011,83.9357
26.01.2011,84.2744
27.01.2011,83.8693
28.01.2011,86.4062
31.01.2011,85.5881
01.02.2011,83.0576
02.02.2011,83.1143
03.02.2011,84.5227
04.02.2011,81.5221
07.02.2011,79.9213
08.02.2011,78.4604
09.02.2011,77.9437
10.02.2011,77.1414
11.02.2011,83.2471
14.02.2011,82.5099
15.02.2011,82.6601
16.02.2011,78.7183
17.02.2011,78.2928
18.02.2011,79.2183
21.02.2011,84.1336
22.02.2011,87.8794
23.02.2011,102.2371
24.02.2011,101.5639
25.02.2011,90.8308
28.02.2011,87.1803
01.03.2011,87.6477
02.03.2011,90.9789
03.03.2011,90.2833
04.03.2011,88.5817
07.03.2011,89.3024
08.03.2011,89.5515
09.03.2011,92.1945
10.03.2011,92.3028
11.03.2011,91.744
14.03.2011,96.047
15.03.2011,94.9674
16.03.2011,95.7281
17.03.2011,96.87
18.03.2011,96.5008
21.03.2011,94.2609
22.03.2011,99.135
23.03.2011,95.0466
24.03.2011,92.9771
25.03.2011,88.0846
28.03.2011,88.0466
29.03.2011,90.8373
30.03.2011,88.9223
31.03.2011,87.611
01.04.2011,85.1872
04.04.2011,83.882
05.04.2011,86.575
06.04.2011,85.5107
07.04.2011,87.0069
08.04.2011,85.3539
11.04.2011,84.4635
12.04.2011,89.195
13.04.2011,89.8573
14.04.2011,90.8576
15.04.2011,85.5155
18.04.2011,88.1835
19.04.2011,91.3195
20.04.2011,87.8934
21.04.2011,86.6138
26.04.2011,76.6088
27.04.2011,79.364
28.04.2011,75.6435
29.04.2011,74.6129
02.05.2011,78.1151
03.05.2011,80.544
04.05.2011,83.7163
05.05.2011,85.3778
06.05.2011,84.2173
09.05.2011,83.0514
10.05.2011,88.3793
11.05.2011,87.5322
12.05.2011,88.465
13.05.2011,88.9433
16.05.2011,87.5761
17.05.2011,88.5182
18.05.2011,88.3944
19.05.2011,81.6229
20.05.2011,82.5645
23.05.2011,90.2723
24.05.2011,86.4239
25.05.2011,89.3862
26.05.2011,85.3393
27.05.2011,80.5915
30.05.2011,78.8144
31.05.2011,77.4522
01.06.2011,78.1324
02.06.2011,78.9451
03.06.2011,81.3845
06.06.2011,82.3021
07.06.2011,80.2741
08.06.2011,83.7069
09.06.2011,79.3267
10.06.2011,80.5429
13.06.2011,79.8321
14.06.2011,83.9087
15.06.2011,87.8571
16.06.2011,87.7944
17.06.2011,90.8006
20.06.2011,89.2813
21.06.2011,87.3781
22.06.2011,86.0136
23.06.2011,89.1453
24.06.2011,87.9222
27.06.2011,86.3378
28.06.2011,84.8246
29.06.2011,90.9711
30.06.2011,84.8771
01.07.2011,84.1587
04.07.2011,82.7044
05.07.2011,78.1582
06.07.2011,88.8367
07.07.2011,88.0274
08.07.2011,88.6024
11.07.2011,93.1167
12.07.2011,94.1211
13.07.2011,88.6678
14.07.2011,94.1357
15.07.2011,92.3193
18.07.2011,94.5084
19.07.2011,90.0304
20.07.2011,87.6746
21.07.2011,95.7078
22.07.2011,92.0376
25.07.2011,89.6846
26.07.2011,89.6212
27.07.2011,87.7103
28.07.2011,87.1197
29.07.2011,86.927
01.08.2011,88.5871
02.08.2011,87.064
03.08.2011,87.3802
04.08.2011,87.904
05.08.2011,81.8176
08.08.2011,91.6151
09.08.2011,94.8393
10.08.2011,90.5069
11.08.2011,88.3295
12.08.2011,85.6768
15.08.2011,84.8235
16.08.2011,88.7212
17.08.2011,85.4784
18.08.2011,83.2272
19.08.2011,84.89
22.08.2011,87.9459
23.08.2011,103.0877
24.08.2011,100.3279
25.08.2011,99.9705
26.08.2011,99.1312
29.08.2011,94.4762
30.08.2011,92.5164
31.08.2011,91.805
01.09.2011,92.4292
02.09.2011,89.2136
05.09.2011,86.8577
06.09.2011,96.0918
07.09.2011,97.7518
08.09.2011,95.6346
09.09.2011,94.8418
12.09.2011,92.1567
13.09.2011,91.0974
14.09.2011,90.74
15.09.2011,89.2319
16.09.2011,89.4162
19.09.2011,86.8892
20.09.2011,85.1861
21.09.2011,92.1464
22.09.2011,93.2949
23.09.2011,89.6285
26.09.2011,94.66
27.09.2011,93.6268
28.09.2011,93.2476
29.09.2011,92.7026
30.09.2011,92.8085
03.10.2011,88.6892
04.10.2011,88.5123
05.10.2011,90.0244
06.10.2011,89.0149
07.10.2011,88.859
10.10.2011,87.367
11.10.2011,87.2196
12.10.2011,84.7938
13.10.2011,86.4263
14.10.2011,85.321
17.10.2011,85.6154
18.10.2011,86.5021
19.10.2011,84.7414
20.10.2011,86.0589
21.10.2011,66.8861
24.10.2011,88.9295
25.10.2011,99.2913
26.10.2011,98.6599
27.10.2011,87.1324
28.10.2011,87.0564
31.10.2011,87.4855
01.11.2011,88.5085
02.11.2011,98.5046
03.11.2011,96.4348
04.11.2011,98.3503
07.11.2011,97.2317
08.11.2011,96.6977
09.11.2011,96.6586
10.11.2011,99.4494
11.11.2011,97.9206
14.11.2011,104.7836
15.11.2011,105.9007
16.11.2011,103.4268
17.11.2011,111.7134
18.11.2011,98.7263
21.11.2011,106.5194
22.11.2011,102.5522
23.11.2011,100.9053
24.11.2011,100.0332
25.11.2011,97.3696
28.11.2011,93.6054
29.11.2011,92.6767
30.11.2011,91.8734
01.12.2011,91.946
02.12.2011,90.3572
05.12.2011,88.5172
06.12.2011,89.8728
07.12.2011,90.2989
08.12.2011,91.1984
09.12.2011,89.2982
12.12.2011,89.9937
13.12.2011,95.6808
14.12.2011,95.3469
15.12.2011,90.2253
16.12.2011,91.2494
19.12.2011,92.9502
20.12.2011,90.2798
21.12.2011,86.282
22.12.2011,83.7746
23.12.2011,81.261
27.12.2011,78.953
28.12.2011,80.3986
29.12.2011,86.9822
30.12.2011,91.6638
02.01.2012,89.6357
03.01.2012,89.2309
04.01.2012,89.9086
05.01.2012,88.4169
06.01.2012,87.0812
09.01.2012,86.2086
10.01.2012,87.1225
11.01.2012,79.2977
12.01.2012,79.2253
13.01.2012,81.7697
16.01.2012,80.5735
17.01.2012,79.2333
18.01.2012,82.1787
19.01.2012,80.4608
20.01.2012,79.6581
23.01.2012,76.549
24.01.2012,80.2778
25.01.2012,79.597
26.01.2012,81.7924
27.01.2012,79.2113
30.01.2012,79.32
31.01.2012,79.5655
01.02.2012,77.8771
02.02.2012,73.3436
03.02.2012,76.0662
06.02.2012,76.422
07.02.2012,74.954
08.02.2012,88.7603
09.02.2012,79.8944
10.02.2012,76.5192
13.02.2012,70.4497
14.02.2012,85.0768
15.02.2012,77.6039
16.02.2012,78.56
17.02.2012,76.5051
20.02.2012,73.5265
21.02.2012,83.0068
22.02.2012,84.9452
23.02.2012,82.6133
24.02.2012,85.9628
27.02.2012,85.3492
28.02.2012,79.4949
29.02.2012,77.1787
01.03.2012,76.1049
02.03.2012,77.6111
05.03.2012,77.6166
06.03.2012,84.6516
07.03.2012,82.6789
08.03.2012,87.7956
09.03.2012,85.4694
12.03.2012,79.9803
13.03.2012,75.6283
14.03.2012,74.3429
15.03.2012,74.3173
16.03.2012,86.1931
19.03.2012,84.3287
20.03.2012,86.3274
21.03.2012,83.5272
22.03.2012,86.1333
23.03.2012,85.6744
26.03.2012,81.0782
27.03.2012,84.4644
28.03.2012,90.3541
29.03.2012,93.1721
30.03.2012,83.4817
02.04.2012,84.7991
03.04.2012,85.6895
04.04.2012,86.699
05.04.2012,86.025
10.04.2012,94.4429
11.04.2012,94.475
12.04.2012,95.1593
13.04.2012,94.4101
16.04.2012,98.1152
17.04.2012,95.331
18.04.2012,93.7917
19.04.2012,96.3171
20.04.2012,91.4957
23.04.2012,99.7695
24.04.2012,94.4561
25.04.2012,91.0021
26.04.2012,90.3023
27.04.2012,87.3269
30.04.2012,88.1459
02.05.2012,86.4107
03.05.2012,85.4022
04.05.2012,87.6583
07.05.2012,89.0005
08.05.2012,89.4709
09.05.2012,90.4963
10.05.2012,87.7546
11.05.2012,86.0197
14.05.2012,95.8735
15.05.2012,95.7909
16.05.2012,95.0107
17.05.2012,98.4271
18.05.2012,97.4643
21.05.2012,93.4577
22.05.2012,96.7015
23.05.2012,99.575
24.05.2012,101.5764
25.05.2012,97.4699
28.05.2012,97.3726
29.05.2012,95.5593
30.05.2012,99.8405
31.05.2012,99.6724
01.06.2012,100.5542
04.06.2012,98.3637
05.06.2012,95.4746
06.06.2012,91.6546
07.06.2012,85.9996
08.06.2012,81.505
11.06.2012,84.2133
12.06.2012,87.8254
13.06.2012,88.4418
14.06.2012,88.0399
15.06.2012,87.9352
18.06.2012,86.6586
19.06.2012,81.2889
20.06.2012,80.5279
21.06.2012,76.5364
22.06.2012,81.8658
25.06.2012,89.5252
26.06.2012,90.6347
27.06.2012,85.8646
28.06.2012,85.7021
29.06.2012,81.7829
02.07.2012,81.2976
03.07.2012,76.2424
04.07.2012,77.0377
05.07.2012,77.9325
06.07.2012,77.4793
09.07.2012,82.1152
10.07.2012,79.1503
11.07.2012,80.8527
12.07.2012,80.1874
13.07.2012,77.711
16.07.2012,80.2817
17.07.2012,78.7673
18.07.2012,72.4797
19.07.2012,72.8248
20.07.2012,91.2213
23.07.2012,95.3392
24.07.2012,94.229
25.07.2012,91.3153
26.07.2012,86.4531
27.07.2012,83.9782
30.07.2012,83.2946
31.07.2012,88.7318
01.08.2012,84.6008
02.08.2012,85.6228
03.08.2012,74.0186
06.08.2012,72.2173
07.08.2012,71.6661
08.08.2012,74.2839
09.08.2012,77.7244
10.08.2012,75.8152
13.08.2012,77.8617
14.08.2012,77.4758
15.08.2012,79.0917
16.08.2012,78.3317
17.08.2012,77.4737
20.08.2012,77.9985
21.08.2012,77.7162
22.08.2012,80.5819
23.08.2012,80.6366
24.08.2012,87.4073
27.08.2012,90.0797
28.08.2012,88.6592
29.08.2012,85.9555
30.08.2012,86.3728
31.08.2012,83.9352
03.09.2012,84.7031
04.09.2012,86.1102
05.09.2012,88.2474
06.09.2012,82.3854
07.09.2012,76.0214
10.09.2012,77.3259
11.09.2012,75.1398
12.09.2012,78.5619
13.09.2012,78.2381
14.09.2012,76.3164
17.09.2012,74.1727
18.09.2012,74.8112
19.09.2012,72.8105
20.09.2012,72.5338
21.09.2012,69.9489
24.09.2012,68.8629
25.09.2012,68.1234
26.09.2012,72.5157
27.09.2012,77.2687
28.09.2012,76.9499
01.10.2012,77.8667
02.10.2012,76.8783
03.10.2012,78.2427
04.10.2012,77.2591
05.10.2012,74.6903
08.10.2012,78.441
09.10.2012,81.161
10.10.2012,78.8631
11.10.2012,75.5947
12.10.2012,76.1335
15.10.2012,76.9983
16.10.2012,73.5555
17.10.2012,74.9759
18.10.2012,74.677
19.10.2012,79.2904
22.10.2012,79.393
23.10.2012,82.4847
24.10.2012,84.6055
25.10.2012,82.2444
26.10.2012,80.1503
29.10.2012,80.32
30.10.2012,78.4025
31.10.2012,77.519
01.11.2012,74.3601
02.11.2012,73.0434
05.11.2012,76.4268
06.11.2012,74.9452
07.11.2012,75.3673
08.11.2012,76.0495
09.11.2012,82.107
12.11.2012,79.2776
13.11.2012,86.2651
14.11.2012,85.2337
15.11.2012,78.9793
16.11.2012,79.1823
19.11.2012,84.3532
20.11.2012,73.8763
21.11.2012,71.112
22.11.2012,66.8848
23.11.2012,68.077
26.11.2012,69.6783
27.11.2012,68.4905
28.11.2012,67.3631
29.11.2012,62.5536
30.11.2012,59.7136
03.12.2012,61.9884
04.12.2012,64.6848
05.12.2012,65.1489
06.12.2012,63.7734
07.12.2012,63.8988
10.12.2012,65.3776
11.12.2012,63.5661
12.12.2012,66.81
13.12.2012,66.802
14.12.2012,65.9495
17.12.2012,67.3564
18.12.2012,64.8762
19.12.2012,59.8354
20.12.2012,71.1881
21.12.2012,73.7358
27.12.2012,69.8271
28.12.2012,78.7666
02.01.2013,69.1437
03.01.2013,76.1929
04.01.2013,74.8042
07.01.2013,73.698
08.01.2013,74.2181
09.01.2013,75.8426
10.01.2013,74.9291
11.01.2013,71.4556
14.01.2013,68.5775
15.01.2013,68.1254
16.01.2013,65.603
17.01.2013,67.8374
18.01.2013,68.773
21.01.2013,68.7361
22.01.2013,64.8015
23.01.2013,68.964
24.01.2013,66.9648
25.01.2013,65.1779
28.01.2013,63.5177
29.01.2013,62.4094
30.01.2013,68.8046
31.01.2013,69.6882
01.02.2013,66.2999
04.02.2013,74.3188
05.02.2013,77.9134
06.02.2013,78.7902
07.02.2013,75.9745
08.02.2013,71.3671
11.02.2013,79.8168
12.02.2013,77.8656
13.02.2013,75.0125
14.02.2013,74.7088
15.02.2013,78.9814
18.02.2013,80.9292
19.02.2013,71.0721
20.02.2013,75.5572
21.02.2013,79.1706
22.02.2013,67.5168
25.02.2013,66.524
26.02.2013,78.1165
27.02.2013,73.376
28.02.2013,71.1661
01.03.2013,71.2119
04.03.2013,71.1568
05.03.2013,69.2345
06.03.2013,70.0696
07.03.2013,68.0378
08.03.2013,63.275
11.03.2013,63.2149
12.03.2013,66.244
13.03.2013,65.2049
14.03.2013,63.0242
15.03.2013,67.9336
18.03.2013,70.0318
19.03.2013,77.8855
20.03.2013,73.4285
21.03.2013,73.243
22.03.2013,77.7655
25.03.2013,77.972
26.03.2013,81.9585
27.03.2013,81.8835
28.03.2013,80.1943
02.04.2013,72.8972
03.04.2013,73.2088
04.04.2013,73.4255
05.04.2013,76.78
08.04.2013,78.4193
09.04.2013,76.6051
10.04.2013,72.9851
11.04.2013,72.8619
12.04.2013,74.5904
15.04.2013,77.0139
16.04.2013,76.8544
17.04.2013,79.7426
18.04.2013,79.9257
19.04.2013,76.5185
22.04.2013,79.0295
23.04.2013,75.0858
24.04.2013,74.5396
25.04.2013,71.716
26.04.2013,73.146
29.04.2013,75.5273
30.04.2013,73.6285
02.05.2013,71.8332
03.05.2013,66.9459
06.05.2013,72.3072
07.05.2013,67.2794
08.05.2013,66.9199
09.05.2013,66.6894
10.05.2013,73.0717
13.05.2013,73.2136
14.05.2013,69.4561
15.05.2013,70.8235
16.05.2013,70.8884
17.05.2013,65.6623
20.05.2013,78.4647
21.05.2013,72.5285
22.05.2013,78.5748
23.05.2013,76.123
24.05.2013,76.2352
27.05.2013,75.9158
28.05.2013,74.1078
29.05.2013,76.2366
30.05.2013,75.4207
31.05.2013,75.5287
03.06.2013,78.2289
04.06.2013,77.2394
05.06.2013,78.6701
06.06.2013,78.4457
07.06.2013,77.9922
10.06.2013,73.8054
11.06.2013,78.4919
12.06.2013,82.4051
13.06.2013,83.7718
14.06.2013,81.009
17.06.2013,82.6917
18.06.2013,85.8776
19.06.2013,83.2182
20.06.2013,85.8733
21.06.2013,85.5401
24.06.2013,83.6404
25.06.2013,82.0484
26.06.2013,79.772
27.06.2013,77.8782
28.06.2013,75.5152
01.07.2013,77.1059
02.07.2013,75.8748
03.07.2013,76.0353
04.07.2013,74.0347
05.07.2013,75.113
08.07.2013,74.1228
09.07.2013,72.8816
10.07.2013,72.3404
11.07.2013,70.5938
12.07.2013,68.3931
15.07.2013,74.6505
16.07.2013,77.6251
17.07.2013,75.9208
18.07.2013,73.5434
19.07.2013,67.9623
22.07.2013,68.2988
23.07.2013,67.2594
24.07.2013,65.3137
25.07.2013,67.1717
26.07.2013,67.1454
29.07.2013,65.3786
30.07.2013,68.2911
31.07.2013,65.7907
01.08.2013,63.8528
02.08.2013,62.1118
05.08.2013,63.9066
06.08.2013,64.1383
07.08.2013,64.7197
08.08.2013,67.0228
09.08.2013,66.7752
12.08.2013,64.1993
13.08.2013,63.2765
14.08.2013,64.6117
15.08.2013,65.7506
16.08.2013,65.2121
19.08.2013,68.4494
20.08.2013,72.3087
21.08.2013,74.4802
22.08.2013,69.2697
23.08.2013,71.7756
26.08.2013,69.4334
27.08.2013,72.5858
28.08.2013,75.1439
29.08.2013,74.4593
30.08.2013,77.2102
02.09.2013,77.6641
03.09.2013,78.0497
04.09.2013,78.62
05.09.2013,75.5456
06.09.2013,72.3721
09.09.2013,71.199
10.09.2013,67.9637
11.09.2013,66.0797
12.09.2013,65.8929
13.09.2013,66.7925
16.09.2013,66.8901
17.09.2013,67.4851
18.09.2013,67.3126
19.09.2013,63.3569
20.09.2013,61.2962
23.09.2013,66.5333
24.09.2013,58.0071
25.09.2013,57.5474
26.09.2013,57.0432
27.09.2013,58.8627
30.09.2013,61.7428
01.10.2013,59.9367
02.10.2013,61.7866
03.10.2013,63.0604
04.10.2013,64.3235
07.10.2013,67.6785
08.10.2013,71.4083
09.10.2013,72.8739
10.10.2013,69.0519
11.10.2013,62.0989
14.10.2013,70.4808
15.10.2013,66.5457
16.10.2013,66.5787
17.10.2013,59.761
18.10.2013,56.9136
21.10.2013,55.6325
22.10.2013,59.6593
23.10.2013,58.894
24.10.2013,57.6566
25.10.2013,57.4463
28.10.2013,58.887
29.10.2013,58.387
30.10.2013,59.061
31.10.2013,59.9258
01.11.2013,59.514
04.11.2013,61.7405
05.11.2013,60.0144
06.11.2013,60.632
07.11.2013,60.959
08.11.2013,58.2117
11.11.2013,61.8046
12.11.2013,62.9565
13.11.2013,65.5795
14.11.2013,63.6967
15.11.2013,64.4564
18.11.2013,60.8499
19.11.2013,61.1999
20.11.2013,59.4138
21.11.2013,58.2126
22.11.2013,58.0891
25.11.2013,56.7627
26.11.2013,56.1562
27.11.2013,54.4818
28.11.2013,53.061
29.11.2013,56.8751
02.12.2013,58.5118
03.12.2013,64.2576
04.12.2013,64.0813
05.12.2013,62.8611
06.12.2013,64.052
09.12.2013,59.6458
10.12.2013,60.0925
11.12.2013,62.0956
12.12.2013,61.7094
13.12.2013,64.6667
16.12.2013,63.1186
17.12.2013,62.6298
18.12.2013,60.6755
19.12.2013,55.9243
20.12.2013,56.834
23.12.2013,57.7725
27.12.2013,63.3072
30.12.2013,65.2879
02.01.2014,69.7981
03.01.2014,66.4926
06.01.2014,69.6507
07.01.2014,65.4882
08.01.2014,64.559
09.01.2014,64.8216
10.01.2014,61.1514
13.01.2014,60.9692
14.01.2014,66.3992
15.01.2014,62.9686
16.01.2014,65.9068
17.01.2014,65.824
20.01.2014,63.6765
21.01.2014,67.7839
22.01.2014,65.255
23.01.2014,69.5895
24.01.2014,77.689
27.01.2014,79.0843
28.01.2014,77.6807
29.01.2014,78.6514
30.01.2014,76.6751
31.01.2014,79.9816
03.02.2014,85.2687
04.02.2014,84.93
05.02.2014,84.3226
06.02.2014,80.6285
07.02.2014,72.9491
10.02.2014,74.0259
11.02.2014,73.1552
12.02.2014,75.8349
13.02.2014,74.8236
14.02.2014,72.3138
17.02.2014,70.0974
18.02.2014,68.4985
19.02.2014,68.1133
20.02.2014,67.0759
21.02.2014,63.7316
24.02.2014,64.8601
25.02.2014,63.8004
26.02.2014,64.0888
27.02.2014,64.2493
28.02.2014,64.3581
03.03.2014,78.0433
04.03.2014,73.1898
05.03.2014,71.921
06.03.2014,68.8273
07.03.2014,71.5592
10.03.2014,74.8924
11.03.2014,74.3174
12.03.2014,74.6116
13.03.2014,78.7125
14.03.2014,79.8324
17.03.2014,77.9757
18.03.2014,75.3249
19.03.2014,69.2541
20.03.2014,67.8276
21.03.2014,69.0424
24.03.2014,68.864
25.03.2014,67.1421
26.03.2014,63.5699
27.03.2014,64.821
28.03.2014,64.1201
31.03.2014,66.1638
01.04.2014,61.7727
02.04.2014,58.3815
03.04.2014,58.6522
04.04.2014,57.0896
07.04.2014,58.48
08.04.2014,59.5005
09.04.2014,59.0993
10.04.2014,56.3432
11.04.2014,64.275
14.04.2014,73.0356
15.04.2014,74.7555
16.04.2014,65.786
17.04.2014,63.6821
22.04.2014,63.4216
23.04.2014,62.235
24.04.2014,62.9171
25.04.2014,65.1561
28.04.2014,65.5136
29.04.2014,63.2465
30.04.2014,62.9078
02.05.2014,63.1471
05.05.2014,64.8692
06.05.2014,65.1781
07.05.2014,62.4484
08.05.2014,58.7337
09.05.2014,61.632
12.05.2014,58.8853
13.05.2014,59.53
14.05.2014,57.8444
15.05.2014,62.2547
16.05.2014,59.9825
19.05.2014,62.6519
20.05.2014,59.3553
21.05.2014,60.1883
22.05.2014,58.0589
23.05.2014,58.5343
26.05.2014,61.8248
27.05.2014,60.9635
28.05.2014,59.8314
29.05.2014,59.3247
30.05.2014,62.9801
02.06.2014,61.7653
03.06.2014,59.9626
04.06.2014,61.6611
05.06.2014,55.7226
06.06.2014,51.7647
09.06.2014,55.0286
10.06.2014,53.6387
11.06.2014,55.262
12.06.2014,61.9113
13.06.2014,67.5212
16.06.2014,69.6755
17.06.2014,67.6765
18.06.2014,64.6964
19.06.2014,63.9202
20.06.2014,63.7805
23.06.2014,68.1155
24.06.2014,67.3796
25.06.2014,69.9334
26.06.2014,69.5771
27.06.2014,71.1109
30.06.2014,70.2265
01.07.2014,67.173
02.07.2014,66.0771
03.07.2014,66.3981
04.07.2014,66.2157
07.07.2014,67.5947
08.07.2014,73.4739
09.07.2014,70.1159
10.07.2014,75.6628
11.07.2014,76.8758
14.07.2014,77.829
15.07.2014,78.5207
16.07.2014,73.3789
17.07.2014,76.0494
18.07.2014,82.21
21.07.2014,81.8001
22.07.2014,76.3978
23.07.2014,73.1652
24.07.2014,72.3881
25.07.2014,74.3046
28.07.2014,75.9157
29.07.2014,74.3448
30.07.2014,74.2336
31.07.2014,76.918
01.08.2014,78.7497
04.08.2014,82.8309
05.08.2014,80.6552
06.08.2014,82.9046
07.08.2014,82.8281
08.08.2014,86.4153
11.08.2014,84.4721
12.08.2014,84.3718
13.08.2014,79.8587
14.08.2014,78.2442
15.08.2014,80.1431
18.08.2014,79.9378
19.08.2014,78.0909
20.08.2014,78.7592
21.08.2014,76.4948
22.08.2014,77.1405
25.08.2014,73.5051
26.08.2014,70.6299
27.08.2014,70.701
28.08.2014,74.1368
29.08.2014,74.4667
01.09.2014,76.8152
02.09.2014,76.8242
03.09.2014,75.5012
04.09.2014,74.2688
05.09.2014,73.4818
08.09.2014,74.493
09.09.2014,74.1976
10.09.2014,74.6134
11.09.2014,74.5382
12.09.2014,72.2632
15.09.2014,80.1175
16.09.2014,81.575
17.09.2014,76.5813
18.09.2014,75.1891
19.09.2014,70.3204
22.09.2014,76.4735
23.09.2014,82.0027
24.09.2014,78.1981
25.09.2014,83.9905
26.09.2014,84.0921
29.09.2014,85.8753
30.09.2014,84.9063
01.10.2014,86.8371
02.10.2014,88.433
03.10.2014,84.4197
06.10.2014,84.3365
07.10.2014,89.3101
08.10.2014,88.1309
09.10.2014,84.1707
10.10.2014,94.8175
13.10.2014,98.2209
14.10.2014,100.5396
15.10.2014,110.5373
16.10.2014,111.181
17.10.2014,102.1673
20.10.2014,105.2496
21.10.2014,89.8977
22.10.2014,89.7279
23.10.2014,89.8694
24.10.2014,89.5244
27.10.2014,93.3596
28.10.2014,88.5355
29.10.2014,85.8971
30.10.2014,86.9214
31.10.2014,84.2208
03.11.2014,85.2661
04.11.2014,86.8699
05.11.2014,82.3283
06.11.2014,80.511
07.11.2014,80.4929
10.11.2014,77.6994
11.11.2014,72.8604
12.11.2014,81.2467
13.11.2014,80.1595
14.11.2014,79.8257
17.11.2014,80.3641
18.11.2014,75.1321
19.11.2014,75.6301
20.11.2014,75.4941
21.11.2014,75.033
24.11.2014,74.0947
25.11.2014,71.78
26.11.2014,68.6407
27.11.2014,68.2557
28.11.2014,67.681
01.12.2014,72.6039
02.12.2014,73.6975
03.12.2014,70.5385
04.12.2014,71.0867
05.12.2014,66.7986
08.12.2014,70.8461
09.12.2014,84.8058
10.12.2014,85.1683
11.12.2014,89.3166
12.12.2014,106.8785
15.12.2014,119.4724
16.12.2014,106.1473
17.12.2014,112.709
18.12.2014,106.5957
19.12.2014,106.071
22.12.2014,101.7663
23.12.2014,95.5007
29.12.2014,94.9116
30.12.2014,97.2244
02.01.2015,104.5947
05.01.2015,109.6283
06.01.2015,109.2658
07.01.2015,104.5582
08.01.2015,95.2265
09.01.2015,103.8518
12.01.2015,105.5403
13.01.2015,101.3447
14.01.2015,94.3377
15.01.2015,95.1744
16.01.2015,95.0931
19.01.2015,94.9174
20.01.2015,92.0018
21.01.2015,94.4328
22.01.2015,89.2837
23.01.2015,88.8803
26.01.2015,84.5111
27.01.2015,86.4049
28.01.2015,83.0185
29.01.2015,85.3885
30.01.2015,87.5198
02.02.2015,89.6151
03.02.2015,85.2532
04.02.2015,84.618
05.02.2015,84.8334
06.02.2015,79.1573
09.02.2015,92.2691
10.02.2015,91.2347
11.02.2015,91.088
12.02.2015,88.7616
13.02.2015,88.3355
16.02.2015,86.9988
17.02.2015,90.8706
18.02.2015,89.9359
19.02.2015,86.9127
20.02.2015,89.1576
23.02.2015,82.9349
24.02.2015,74.8368
25.02.2015,73.5575
26.02.2015,68.4071
27.02.2015,67.7775
02.03.2015,70.5367
03.03.2015,72.0394
04.03.2015,71.0423
05.03.2015,68.4565
06.03.2015,67.2378
09.03.2015,69.524
10.03.2015,71.4059
11.03.2015,70.7553
12.03.2015,69.4596
13.03.2015,68.7196
16.03.2015,70.885
17.03.2015,74.4073
18.03.2015,72.9014
19.03.2015,72.5039
20.03.2015,71.2448
23.03.2015,74.6509
24.03.2015,68.9334
25.03.2015,72.5674
26.03.2015,73.9992
27.03.2015,76.8593
30.03.2015,72.4953
31.03.2015,74.4989
01.04.2015,74.3451
02.04.2015,71.4629
07.04.2015,71.8476
08.04.2015,71.6775
09.04.2015,69.8119
10.04.2015,69.2075
13.04.2015,75.0637
14.04.2015,83.6833
15.04.2015,77.1212
16.04.2015,84.2023
17.04.2015,92.6981
20.04.2015,90.8525
21.04.2015,87.3417
22.04.2015,88.2662
23.04.2015,87.9532
24.04.2015,84.6345
27.04.2015,81.5996
28.04.2015,82.6459
29.04.2015,83.4412
30.04.2015,82.1389
04.05.2015,81.8401
05.05.2015,84.0201
06.05.2015,85.5522
07.05.2015,82.9999
08.05.2015,76.4342
11.05.2015,77.8128
12.05.2015,79.4247
13.05.2015,79.9739
14.05.2015,77.8478
15.05.2015,77.778
18.05.2015,75.5502
19.05.2015,76.4075
20.05.2015,72.4792
21.05.2015,71.6481
22.05.2015,71.7498
26.05.2015,77.968
27.05.2015,76.7137
28.05.2015,76.4477
29.05.2015,78.284
01.06.2015,82.5402
02.06.2015,80.6056
03.06.2015,77.8826
04.06.2015,78.9387
05.06.2015,79.8645
08.06.2015,84.3184
09.06.2015,84.5373
10.06.2015,76.7158
11.06.2015,75.8623
12.06.2015,79.9226
15.06.2015,92.2066
16.06.2015,91.9514
17.06.2015,91.2934
18.06.2015,89.9664
19.06.2015,93.7893
22.06.2015,85.4769
23.06.2015,82.0901
24.06.2015,82.8733
25.06.2015,85.6967
26.06.2015,86.5512
29.06.2015,99.6259
30.06.2015,100.4363
01.07.2015,95.255
02.07.2015,95.5687
03.07.2015,107.8424
06.07.2015,95.7503
07.07.2015,97.5664
08.07.2015,96.3085
09.07.2015,89.2779
10.07.2015,87.7346
13.07.2015,82.4756
14.07.2015,80.273
15.07.2015,78.973
16.07.2015,75.2377
17.07.2015,77.9331
20.07.2015,78.3955
21.07.2015,79.5931
22.07.2015,76.2594
23.07.2015,72.1126
24.07.2015,74.5708
27.07.2015,81.969
28.07.2015,78.9041
29.07.2015,76.2111
30.07.2015,74.5845
31.07.2015,71.9986
03.08.2015,70.2634
04.08.2015,68.5889
05.08.2015,67.416
06.08.2015,68.1897
07.08.2015,67.8566
10.08.2015,67.828
11.08.2015,69.1606
12.08.2015,76.3274
13.08.2015,74.6098
14.08.2015,74.0192
17.08.2015,81.8449
18.08.2015,80.4796
19.08.2015,81.6025
20.08.2015,82.2789
21.08.2015,86.2958
24.08.2015,99.2802
25.08.2015,115.0911
26.08.2015,116.4938
27.08.2015,108.4345
28.08.2015,109.1321
31.08.2015,113.1374
01.09.2015,116.243
02.09.2015,110.2124
03.09.2015,103.6253
04.09.2015,105.5185
07.09.2015,106.3518
08.09.2015,103.361
09.09.2015,101.7229
10.09.2015,100.9039
11.09.2015,101.8078
14.09.2015,104.5792
15.09.2015,104.286
16.09.2015,96.9616
17.09.2015,95.713
18.09.2015,95.6107
21.09.2015,96.2736
22.09.2015,99.5325
23.09.2015,98.3552
24.09.2015,100.0206
25.09.2015,96.1724
28.09.2015,100.5638
29.09.2015,100.2831
30.09.2015,95.7534
01.10.2015,96.4284
02.10.2015,97.1663
05.10.2015,95.9859
06.10.2015,90.0147
07.10.2015,87.8065
08.10.2015,84.9708
09.10.2015,80.1532
12.10.2015,80.6523
13.10.2015,80.4511
14.10.2015,85.5318
15.10.2015,82.3445
16.10.2015,79.3584
19.10.2015,78.2338
20.10.2015,76.2445
21.10.2015,75.4804
22.10.2015,75.8553
23.10.2015,75.9048
26.10.2015,77.6072
27.10.2015,77.8796
28.10.2015,76.1184
29.10.2015,75.3741
30.10.2015,73.6996
02.11.2015,75.8496
03.11.2015,73.8226
04.11.2015,73.2947
05.11.2015,72.6561
06.11.2015,72.0198
09.11.2015,72.6979
10.11.2015,74.9591
11.11.2015,73.8346
12.11.2015,75.6968
13.11.2015,81.9029
16.11.2015,81.6959
17.11.2015,75.6532
18.11.2015,77.5202
19.11.2015,75.5597
20.11.2015,75.0977
23.11.2015,73.1988
24.11.2015,74.4869
25.11.2015,68.675
26.11.2015,68.3551
27.11.2015,67.4624
30.11.2015,69.304
01.12.2015,69.4405
02.12.2015,67.9044
03.12.2015,72.041
04.12.2015,71.4087
07.12.2015,70.4535
08.12.2015,72.7292
09.12.2015,74.3044
10.12.2015,74.5887
11.12.2015,80.9795
14.12.2015,87.6608
15.12.2015,90.2398
16.12.2015,82.4002
17.12.2015,77.7505
18.12.2015,81.3096
21.12.2015,83.9859
22.12.2015,82.333
23.12.2015,76.8996
28.12.2015,83.5867
29.12.2015,78.9505
30.12.2015,72.3995
04.01.2016,89.3381
05.01.2016,90.4443
06.01.2016,89.3605
07.01.2016,91.1277
08.01.2016,90.246
11.01.2016,91.2451
12.01.2016,89.1072
13.01.2016,85.593
14.01.2016,85.3242
15.01.2016,92.2726
18.01.2016,95.1919
19.01.2016,92.4521
20.01.2016,95.139
21.01.2016,94.3487
22.01.2016,89.7813
25.01.2016,87.4132
26.01.2016,85.6378
27.01.2016,85.9665
28.01.2016,86.064
29.01.2016,84.37
01.02.2016,84.2568
02.02.2016,85.4557
03.02.2016,86.6251
04.02.2016,84.7578
05.02.2016,85.0545
08.02.2016,89.6858
09.02.2016,91.0978
10.02.2016,90.4084
11.02.2016,95.0051
12.02.2016,95.5474
15.02.2016,94.2033
16.02.2016,90.8793
17.02.2016,85.3344
18.02.2016,83.1253
19.02.2016,82.6337
22.02.2016,79.8384
23.02.2016,78.1423
24.02.2016,82.7958
25.02.2016,78.3511
26.02.2016,74.2221
29.02.2016,75.5339
01.03.2016,73.0105
02.03.2016,70.4276
03.03.2016,68.9958
04.03.2016,66.7438
07.03.2016,70.1122
08.03.2016,73.3412
09.03.2016,75.1412
10.03.2016,75.6548
11.03.2016,72.944
14.03.2016,73.3932
15.03.2016,72.8962
16.03.2016,73.9195
17.03.2016,72.6113
18.03.2016,66.7075
21.03.2016,71.3874
22.03.2016,70.1613
23.03.2016,69.5935
24.03.2016,74.6445
29.03.2016,73.7364
30.03.2016,71.7099
31.03.2016,74.7259
01.04.2016,76.5837
04.04.2016,76.5427
05.04.2016,77.7753
06.04.2016,76.1031
07.04.2016,78.0033
08.04.2016,75.6405
11.04.2016,77.2331
12.04.2016,75.5824
13.04.2016,73.1213
14.04.2016,70.3612
15.04.2016,71.8417
18.04.2016,71.6291
19.04.2016,69.3008
20.04.2016,68.9444
21.04.2016,69.9744
22.04.2016,70.2273
25.04.2016,70.9935
26.04.2016,70.6284
27.04.2016,71.0358
28.04.2016,67.7905
29.04.2016,75.0041
02.05.2016,76.8589
03.05.2016,77.8585
04.05.2016,77.8001
05.05.2016,76.4999
06.05.2016,75.9857
09.05.2016,76.4141
10.05.2016,74.9102
11.05.2016,74.9725
12.05.2016,74.7286
13.05.2016,74.1408
16.05.2016,77.8103
17.05.2016,78.3226
18.05.2016,77.9486
19.05.2016,78.4476
20.05.2016,77.3543
23.05.2016,78.6576
24.05.2016,74.7872
25.05.2016,69.3605
26.05.2016,68.8163
27.05.2016,68.3311
30.05.2016,69.9532
31.05.2016,72.824
01.06.2016,74.9117
02.06.2016,74.1628
03.06.2016,75.6491
06.06.2016,77.8779
07.06.2016,77.1541
08.06.2016,79.0917
09.06.2016,82.1553
10.06.2016,83.7087
13.06.2016,94.6729
14.06.2016,95.1166
15.06.2016,97.0456
16.06.2016,100.5892
17.06.2016,99.7832
20.06.2016,101.0655
21.06.2016,103.0332
22.06.2016,107.6871
23.06.2016,102.3585
24.06.2016,100.4365
27.06.2016,98.1337
28.06.2016,94.4277
29.06.2016,94.3717
30.06.2016,91.3506
01.07.2016,90.8682
04.07.2016,91.3472
05.07.2016,91.882
06.07.2016,92.6544
07.07.2016,91.3649
08.07.2016,89.8179
11.07.2016,87.666
12.07.2016,84.061
13.07.2016,80.5416
14.07.2016,77.7729
15.07.2016,78.0117
18.07.2016,81.1172
19.07.2016,82.9055
20.07.2016,80.8129
21.07.2016,77.8891
22.07.2016,75.4763
25.07.2016,74.0035
26.07.2016,75.7819
27.07.2016,74.7731
28.07.2016,77.0755
29.07.2016,76.9452
01.08.2016,78.325
02.08.2016,82.287
03.08.2016,82.6031
04.08.2016,80.9284
05.08.2016,75.4748
08.08.2016,76.9302
09.08.2016,75.0666
10.08.2016,79.8715
11.08.2016,79.7174
12.08.2016,78.8839
15.08.2016,90.3065
16.08.2016,95.312
17.08.2016,96.2525
18.08.2016,92.2642
19.08.2016,94.0054
22.08.2016,94.0596
23.08.2016,91.4939
24.08.2016,90.5335
25.08.2016,92.3026
26.08.2016,85.2374
29.08.2016,87.4278
30.08.2016,84.5827
31.08.2016,81.7874
01.09.2016,81.2694
02.09.2016,74.846
05.09.2016,77.6401
06.09.2016,79.308
07.09.2016,77.3023
08.09.2016,76.6701
09.09.2016,79.5118
12.09.2016,87.7698
13.09.2016,90.8307
14.09.2016,91.0511
15.09.2016,91.8294
16.09.2016,92.065
19.09.2016,95.4012
20.09.2016,93.1645
21.09.2016,91.1589
22.09.2016,87.049
23.09.2016,82.3143
26.09.2016,76.2629
27.09.2016,77.7534
28.09.2016,73.1915
29.09.2016,71.5511
30.09.2016,71.3624
03.10.2016,71.2444
04.10.2016,67.8957
05.10.2016,69.089
06.10.2016,68.9429
07.10.2016,70.4383
10.10.2016,69.1808
11.10.2016,69.1295
12.10.2016,68.6847
13.10.2016,73.4072
14.10.2016,69.6894
17.10.2016,72.4216
18.10.2016,68.7143
19.10.2016,69.9527
20.10.2016,69.8273
21.10.2016,69.2255
24.10.2016,69.86
25.10.2016,68.0729
26.10.2016,70.1232
27.10.2016,69.9576
28.10.2016,70.946
31.10.2016,76.1225
01.11.2016,82.5248
02.11.2016,83.1859
03.11.2016,84.4035
04.11.2016,81.8174
07.11.2016,81.4168
08.11.2016,80.3836
09.11.2016,72.3081
10.11.2016,72.7717
11.11.2016,74.9556
14.11.2016,77.8871
15.11.2016,76.4022
16.11.2016,76.6023
17.11.2016,73.3336
18.11.2016,74
21.11.2016,72.7066
22.11.2016,72.8045
23.11.2016,72.5515
24.11.2016,71.9783
25.11.2016,72.3786
28.11.2016,76.7965
29.11.2016,71.9715
30.11.2016,73.5738
01.12.2016,75.8923
02.12.2016,76.4376
05.12.2016,67.7943
06.12.2016,66.4982
07.12.2016,67.9435
08.12.2016,64.3082
09.12.2016,67.037
12.12.2016,69.5012
13.12.2016,68.8156
14.12.2016,68.8559
15.12.2016,67.5842
16.12.2016,69.9832
19.12.2016,71.2161
20.12.2016,68.826
21.12.2016,70.9033
22.12.2016,70.2727
23.12.2016,69.4064
27.12.2016,71.0976
28.12.2016,70.3946
29.12.2016,72.7068
30.12.2016,69.7708
02.01.2017,69.5674
03.01.2017,66.6644
04.01.2017,62.8582
05.01.2017,62.0455
06.01.2017,60.6732
09.01.2017,62.3199
10.01.2017,62.4489
11.01.2017,68.642
12.01.2017,72.2668
13.01.2017,71.1818
16.01.2017,76.7994
17.01.2017,80.1609
18.01.2017,78.3139
19.01.2017,71.1437
20.01.2017,77.6422
23.01.2017,72.4472
24.01.2017,69.8832
25.01.2017,69.0137
26.01.2017,69.9496
27.01.2017,73.379
30.01.2017,71.0499
31.01.2017,68.2286
01.02.2017,66.3953
02.02.2017,62.502
03.02.2017,68.435
06.02.2017,69.3429
07.02.2017,70.0445
08.02.2017,72.671
09.02.2017,75.693
10.02.2017,73.2517
13.02.2017,75.4885
14.02.2017,72.3892
15.02.2017,71.8164
16.02.2017,69.0933
17.02.2017,70.889
20.02.2017,73.3048
21.02.2017,71.605
22.02.2017,73.5008
23.02.2017,74.3384
24.02.2017,75.627
27.02.2017,72.7405
28.02.2017,71.7432
01.03.2017,75.308
02.03.2017,75.6109
03.03.2017,74.8774
06.03.2017,74.8443
07.03.2017,75.4884
08.03.2017,78.2107
09.03.2017,80.6331
10.03.2017,79.2042
13.03.2017,82.3452
14.03.2017,81.0994
15.03.2017,82.3089
16.03.2017,86.0895
17.03.2017,83.407
20.03.2017,82.3669
21.03.2017,82.3173
22.03.2017,80.9009
23.03.2017,84.1386
24.03.2017,83.8929
27.03.2017,80.5706
28.03.2017,79.6908
29.03.2017,80.9262
30.03.2017,89.5866
31.03.2017,97.3963
03.04.2017,95.9049
04.04.2017,108.1609
05.04.2017,108.4055
06.04.2017,105.3557
07.04.2017,107.5635
10.04.2017,107.5035
11.04.2017,70.7485
12.04.2017,67.2531
13.04.2017,68.8033
18.04.2017,76.8823
19.04.2017,79.9153
20.04.2017,79.5546
21.04.2017,77.1723
24.04.2017,71.8715
25.04.2017,73.6836
26.04.2017,62.2461
27.04.2017,64.1096
28.04.2017,72.1359
02.05.2017,71.2998
03.05.2017,85.9707
04.05.2017,87.1317
05.05.2017,80.1138
08.05.2017,75.1505
09.05.2017,69.135
10.05.2017,70.8016
11.05.2017,69.0541
12.05.2017,68.1521
15.05.2017,70.4578
16.05.2017,70.4667
17.05.2017,69.4237
18.05.2017,62.3602
19.05.2017,60.4917
22.05.2017,63.7014
23.05.2017,65.9325
24.05.2017,67.364
25.05.2017,65.7281
26.05.2017,65.6541
29.05.2017,73.0616
30.05.2017,73.7443
31.05.2017,76.417
01.06.2017,84.8135
02.06.2017,76.9158
05.06.2017,73.2354
06.06.2017,79.1401
07.06.2017,78.7882
08.06.2017,75.9767
09.06.2017,77.9201
12.06.2017,76.2915
13.06.2017,76.2228
14.06.2017,76.2736
15.06.2017,81.1412
16.06.2017,84.5695
19.06.2017,76.984
20.06.2017,77.4661
21.06.2017,77.684
22.06.2017,82.1608
23.06.2017,81.1022
26.06.2017,77.3455
27.06.2017,76.9752
28.06.2017,74.7281
29.06.2017,73.5535
30.06.2017,79.7242
03.07.2017,75.0581
04.07.2017,71.7721
05.07.2017,77.1927
06.07.2017,73.0915
07.07.2017,67.1833
10.07.2017,64.9004
11.07.2017,63.3522
12.07.2017,69.8052
13.07.2017,73.3731
14.07.2017,71.4017
17.07.2017,72.5983
18.07.2017,73.1704
19.07.2017,70.6614
20.07.2017,70.6228
21.07.2017,86.3824
24.07.2017,103.5823
25.07.2017,103.3014
26.07.2017,84.5326
27.07.2017,88.6375
28.07.2017,84.3355
31.07.2017,85.6045
01.08.2017,85.6711
02.08.2017,83.7629
03.08.2017,84.4857
04.08.2017,82.6655
07.08.2017,82.9752
08.08.2017,84.0599
09.08.2017,83.5044
10.08.2017,85.9499
11.08.2017,87.4349
14.08.2017,86.3547
15.08.2017,85.6274
16.08.2017,85.1409
17.08.2017,84.5547
18.08.2017,84.5304
21.08.2017,81.8373
22.08.2017,86.5446
23.08.2017,82.6677
24.08.2017,84.6839
25.08.2017,85.9817
28.08.2017,92.1188
29.08.2017,87.9419
30.08.2017,87.399
31.08.2017,87.5612
01.09.2017,92.9345
04.09.2017,91.8321
05.09.2017,94.5476
07.09.2017,90.7085
08.09.2017,91.186
11.09.2017,93.3784
12.09.2017,102.1726
13.09.2017,93.9996
14.09.2017,94.3731
15.09.2017,96.0119
18.09.2017,90.1504
19.09.2017,91.3331
20.09.2017,93.0005
21.09.2017,91.7532
22.09.2017,92.876
25.09.2017,93.645
26.09.2017,94.8455
27.09.2017,101.3881
28.09.2017,104.4323
29.09.2017,110.8392
02.10.2017,117.878
03.10.2017,118.6972
04.10.2017,108.5626
05.10.2017,109.5279
06.10.2017,97.9031
09.10.2017,90.5674
10.10.2017,87.7898
11.10.2017,85.466
12.10.2017,82.3654
13.10.2017,86.4287
16.10.2017,83.1974
17.10.2017,85.4591
18.10.2017,82.5277
19.10.2017,91.6109
20.10.2017,86.3083
23.10.2017,84.7305
24.10.2017,90.7068
25.10.2017,88.3205
26.10.2017,85.9581
27.10.2017,87.9106
30.10.2017,88.2239
31.10.2017,90.9619
01.11.2017,92.284
02.11.2017,85.8037
03.11.2017,81.8689
06.11.2017,86.0669
07.11.2017,87.4432
08.11.2017,84.2139
09.11.2017,81.5154
10.11.2017,83.9312
13.11.2017,86.5397
14.11.2017,86.2358
15.11.2017,84.7633
16.11.2017,79.9997
17.11.2017,77.0676
20.11.2017,78.724
21.11.2017,79.0799
22.11.2017,77.7885
23.11.2017,81.6285
24.11.2017,80.3562
27.11.2017,80.0115
28.11.2017,88.7658
29.11.2017,87.337
30.11.2017,84.6378
01.12.2017,85.875
04.12.2017,85.4081
05.12.2017,84.9316
06.12.2017,83.1824
07.12.2017,81.8678
08.12.2017,86.5109
11.12.2017,94.6196
12.12.2017,94.7119
13.12.2017,98.7343
14.12.2017,102.56
15.12.2017,111.475
18.12.2017,150.6179
19.12.2017,125.4759
20.12.2017,146.0296
21.12.2017,143.6498
22.12.2017,152.0139
27.12.2017,148.1708
28.12.2017,124.2696
29.12.2017,117.251
02.01.2018,115.5277
03.01.2018,115.786
04.01.2018,109.435
05.01.2018,102.6384
08.01.2018,103.9633
09.01.2018,103.8276
10.01.2018,100.1871
11.01.2018,103.4318
12.01.2018,103.7495
15.01.2018,109.3917
16.01.2018,111.6972
17.01.2018,105.7698
18.01.2018,101.9882
19.01.2018,97.7984
22.01.2018,94.0077
23.01.2018,93.4044
24.01.2018,95.6527
25.01.2018,99.7191
26.01.2018,100.7057
29.01.2018,100.0113
30.01.2018,95.7454
31.01.2018,104.4495
01.02.2018,103.8973
02.02.2018,104.205
05.02.2018,111.8789
06.02.2018,114.3018
07.02.2018,117.3347
08.02.2018,110.255
09.02.2018,109.1769
12.02.2018,102.7778
13.02.2018,105.1518
14.02.2018,107.1748
15.02.2018,101.6378
16.02.2018,101.0475
19.02.2018,99.7229
20.02.2018,93.5411
21.02.2018,94.9076
22.02.2018,89.6786
23.02.2018,88.4862
26.02.2018,86.2909
27.02.2018,79.852
28.02.2018,82.3209
01.03.2018,85.6136
02.03.2018,87.0467
05.03.2018,87.3437
06.03.2018,86.846
07.03.2018,86.0825
08.03.2018,79.1539
09.03.2018,81.0646
12.03.2018,84.8176
13.03.2018,81.8901
,84.3463
,78.9296
,77.5227
,80.2051
,76.4912
,73.7994
,75.8402
,75.8785
,82.8727
,79.6093
,84.4673
,84.1253
,83.0352
,89.5957
,90.3303
,92.9515
,99.9224
,114.3454
,105.6035
,103.4841
,95.3321
,87.3385
,87.1431
,86.8511
,87.4822
,92.2384
,87.4408
,86.2927
,83.07
,85.0386
,88.4749
,94.7247
,103.3983
,100.6241
,102.8353
,96.8649
,108.4189
,106.6052
,106.4769
,108.649
,101.8752
,105.5302
,100.4767
,97.9359
,96.1391
,94.3549
,91.972
,84.3808
,93.071
,87.2393
,88.5749
,85.6955
,82.7839
,88.9946
,95.3024
,95.149
,89.7753
,93.4808
,85.3847
,82.7996
,87.292
,85.831
,87.6764
,94.2241
,88.5515
,87.6631
,83.9997
,85.2155
,82.2496
,96.4171
,98.5767
,99.2131
,108.6744
,103.5293
,106.6223
,103.5926
,99.2449
,99.5383
,96.804
,91.2458
,89.5882
,90.0009
,88.1363
,94.2122
,99.1935
,96.3645
,98.0653
,100.4194
,100.143
,99.1905
,97.4392
,97.3932
,94.2408
,92.1265
,91.2833
,90.7655
,85.4594
,80.6401
,79.7616
,82.655
,79.5208
,76.8243
,77.316
,84.8527
,82.375
,85.2464
,80.8299
,87.5827
,92.5909
,96.9868
,93.7419
,97.6391
,105.057
,97.0591
,103.2698
,94.3384
,96.3337
,95.605
,96.1899
,97.3685
,99.4531
,100.2317
,95.2295
,101.068
,96.9751
,96.87
,90.8908
,87.2133
,87.5294
,88.7178
,85.6508
,80.5436
,78.1502
,81.6312
,87.0905
,84.5211
,88.8328
,95.897
,88.6109
,89.5032
,90.9046
,86.0505
,87.1034
,85.9175
,82.2674
,82.9298
,83.4949
,82.913
,81.5706
,80.9678
,79.5864
,84.3482
,97.0941
,94.7443
,98.5605
,91.8387
,87.2896
,85.7535
,86.3107
,88.0084
,90.7052
,87.473
,87.6368
,86.8356
,88.657
,83.4868
,81.7047
,80.3994
,73.4343
,74.4782
,74.7083
,68.8804
,69.9996
,69.3253
,72.7196
,68.2505
,68.6022
,69.5757
,65.9299
,68.9831
,70.9752
,70.5206
,68.6767
,66.0499
,70.9231
,69.3737
,70.0201
,69.7513
,68.5448
,69.4513
,68.3285
,66.8583
,77.1401
,82.1383
,82.3508
,80.636
,80.3261
,83.2191
,78.5622
,77.5759
,78.6616
,75.6635
,76.9898
,73.0795
,72.3052
,74.6512
,75.1867
,71.7669
,71.9968
,73.4628
,74.6207
,72.2844
,75.0682
,74.5598
,76.6732
,76.4976
,77.277
,78.4841
,76.1501
,78.2896
,75.389
,77.6738
,79.5766
,91.1522
,89.0158
,83.1066
,82.027
,80.4639
,76.6019
,77.306
,76.2726
,74.4781
,76.3336
,74.5345
,78.7042
,79.568
,77.3716
,67.8334
,67.7803
,71.3902
,73.1063
,76.8925
,76.8704
,79.6122
,78.9707
,80.3542
,80.8575
,79.6505
,79.8435
,83.8482
,81.3876
,87.4214
,94.8774
,91.7082
,97.6457
,92.2152
,97.6219
,91.5502
,88.1418
